研究node,有没有标记解锁物品,解锁物品本身是否做好了,解锁物品的配方,任务书,配方是否研究锁
芯片基础,x,x,x,x,x
投影,x,x,x,x,x
结晶器,x,x,x,x,x
基础电路设计,x,x,x,x,x
电弧处理,x,x,x,x,x
高压容器,x,x,x,x,x
电磁感应,x,x,x,x,x
电池原理,x,x,x,x,x
半导体制冷,x,x,x,x,x
激光基础,x,x,x,x,x
精确激光控制,x,x,x,x
单晶硅制造,x,x,x,x
低级电路设计,x,x,x,x,x
赛特斯应用,x,x,x,x
智能赛特斯,x,x,x,,x
高压发电,x,x,x,,x
光刻理论,x,x,x,
计算机系统,x,x,x,
数控车床,x,x,x,
太空基础理论,x,x,x,
火箭基础,x,x,x,
空间概论,x,x,x,
保护气应用,x,x,x,
入门计算机,x,x,x,
叶片气动力学,x,x,x,
计算机T3,x,x,x,
裂变控制理论,x,x,x,
放射成像,x,x,x,
电子显微技术,x,x,x,
计算机T4,x,x,x,
计算集群,x,x,x,
催化剂原理,x,x,x,
终级塑料,x,x,x,
计算机T5,x,x,x
空间站理论,x,x,x,x
微重力应用,x,x,x,x
宇宙辐射研究,/,/,/
计算机T6,x,x,x
实验托卡马克,x,x,x
商用托卡马克,x,x,x
激光聚变,x,x,x
硅岩性质理论,/,/,/,/
计算机T7,x,x,x
人工智能研究,x,x,x,x
镜金性质,/,/,/,/
量子通信,x,x,x
镜金量子化,x,x,x
量金性质,x,x,x
量子观测,x,x,x
量子有机生产
量子元素制造,x,x,x,x
量子计算T1
跃迁理论
量子结构理论
刻金性质
微型量子计算
强力物质理论
强力物质生产
零点场论
零点能量生成
零点物质生成
科魔统一理论
无尽
